step_ms,FL_hip,FL_knee,FR_hip,FR_knee,RL_hip,RL_knee,RR_hip,RR_knee
0.00,0.894349,-1.411131,0.884885,-1.384188,0.909099,-1.384130,0.906670,-1.381713
10.00,0.880656,-1.436046,0.854764,-1.351917,0.931356,-1.353854,0.912368,-1.345148
20.00,0.854174,-1.475220,0.810845,-1.304482,0.970789,-1.310288,0.903158,-1.295148
30.00,0.809827,-1.517442,0.765629,-1.254482,1.020789,-1.260288,0.874588,-1.245148
40.00,0.759827,-1.547469,0.734078,-1.204958,1.070789,-1.210288,0.826189,-1.195148
50.00,0.709827,-1.559217,0.719074,-1.165907,1.120789,-1.160288,0.776189,-1.145148
60.00,0.659827,-1.551957,0.721385,-1.140778,1.170789,-1.111643,0.726189,-1.100000
70.00,0.609827,-1.525584,0.741859,-1.127744,1.220789,-1.100000,0.676189,-1.100000
80.00,0.559827,-1.480219,0.781320,-1.124030,1.265890,-1.100000,0.626189,-1.100000
90.00,0.509827,-1.430219,0.831320,-1.135828,1.293017,-1.100000,0.576189,-1.100000
100.00,0.459827,-1.380219,0.881320,-1.166063,1.300728,-1.115230,0.526189,-1.100000
110.00,0.409827,-1.330220,0.931320,-1.215698,1.288845,-1.141653,0.476189,-1.100000
120.00,0.400000,-1.280220,0.979426,-1.265697,1.257295,-1.165035,0.437382,-1.100000
130.00,0.400000,-1.230220,1.013178,-1.315697,1.207295,-1.172966,0.415278,-1.100000
140.00,0.400000,-1.180220,1.029068,-1.365697,1.157295,-1.162253,0.412477,-1.100000
150.00,0.400000,-1.130220,1.026587,-1.415697,1.107295,-1.133719,0.429332,-1.100000
160.00,0.400000,-1.100000,1.005389,-1.465697,1.057295,-1.100000,0.465832,-1.100000
170.00,0.400000,-1.100000,0.965516,-1.515697,1.007295,-1.100000,0.515832,-1.100000
180.00,0.400000,-1.100000,0.915516,-1.565697,0.957295,-1.100000,0.565832,-1.100000
190.00,0.414234,-1.100000,0.865516,-1.597329,0.907295,-1.100000,0.615832,-1.100000
200.00,0.445575,-1.100000,0.815516,-1.609413,0.857295,-1.100000,0.665832,-1.100000
210.00,0.494093,-1.100000,0.765516,-1.601826,0.807295,-1.100000,0.715832,-1.100000
220.00,0.544093,-1.100000,0.715515,-1.574586,0.757295,-1.100000,0.765832,-1.100000
230.00,0.594093,-1.100000,0.665515,-1.527939,0.707295,-1.100000,0.815832,-1.100000
240.00,0.644093,-1.100000,0.615515,-1.477939,0.657295,-1.100000,0.865832,-1.100000
250.00,0.694093,-1.100000,0.565515,-1.427939,0.607295,-1.100000,0.915832,-1.100000
260.00,0.744093,-1.100000,0.515515,-1.377939,0.557295,-1.100000,0.965832,-1.100000
270.00,0.794093,-1.100000,0.465515,-1.327940,0.523065,-1.100000,1.015832,-1.100000
280.00,0.844093,-1.109614,0.415515,-1.277940,0.507754,-1.100000,1.056948,-1.100000
290.00,0.894093,-1.138796,0.400000,-1.227940,0.511825,-1.100000,1.081246,-1.100000
